{
    "Linear Regression": {
        "Accuracy": 99.5,
        "R2": 0.9973366192796406,
        "MAE": 0.6059984325992894,
        "MSE": 1.098045077828799,
        "RMSE": 1.0478764611483544
    },
    "Random Forest": {
        "Accuracy": 93.5,
        "R2": 0.9808786282801888,
        "MAE": 2.2106130517736484,
        "MSE": 7.883262027758523,
        "RMSE": 2.8077147340423534
    },
    "Gradient Boosting": {
        "Accuracy": 97.0,
        "R2": 0.9905682077423383,
        "MAE": 1.5367004771362076,
        "MSE": 3.888491414112043,
        "RMSE": 1.9719258135416866
    },
    "XGBoost": {
        "Accuracy": 96.0,
        "R2": 0.9830355599289522,
        "MAE": 1.994881311366442,
        "MSE": 6.994013201245179,
        "RMSE": 2.644619670433762
    },
    "Ensemble (Voting)": {
        "Accuracy": 97.0,
        "R2": 0.9926082149065912,
        "MAE": 1.3364888264231243,
        "MSE": 3.047447620290078,
        "RMSE": 1.7456940225280253
    }
}